<?xml version="1.0" encoding="iso-8859-1"?>
<bookstore>
<book>
<category>self-help</category>
<name>The 5 AM Club</name>
<author>Robin Sharma</author>
</book>
<book>
<category>self-help</category>
<name>Power of positive thinking</name>
<author>Dale carnegi</author>
</book>
<book>
<category>self-help</category>
<name>Love hope magic</name>
<author>Aashish Bagrecha</author>
</book>
<book>
<category>Novel</category>
<name>2 states</name>
<author>Chetan Bhagat</author>
</book>
<book>
<category>Mystery</category>
<name>one arranged murder</name>
<author>Chetan Bhagat</author>
</book>
</bookstore>